date_time,close,MCS,Jaccard,VertexRanking,VertexEdgeOverlap,BagOfCliques,BagOfNodes,WeisfeleirLehmanKernel
2022-01-01 02:00:00,46808.55,0.12688,0.33658,0.26439,0.21761,0.32024,0.21778,0.51903
2022-01-01 03:00:00,46804.01,0.17421,0.36315,0.207,0.23626,0.31203,0.3133,0.60362
2022-01-01 04:00:00,46701.29,0.24936,0.47926,0.10633,0.34009,0.45161,0.46656,0.8483
2022-01-01 05:00:00,47188.0,0.22914,0.45813,0.20685,0.32962,0.424,0.44078,0.66952
2022-01-01 06:00:00,46976.98,0.21991,0.46036,0.20469,0.32804,0.41674,0.42148,0.85644
2022-01-01 07:00:00,47200.01,0.23,0.56426,0.1936,0.42116,0.56082,0.48514,0.56784
2022-01-01 08:00:00,47119.93,0.26555,0.49298,0.16408,0.36027,0.42515,0.49752,0.74058
2022-01-01 09:00:00,47139.67,0.33196,0.63903,0.26555,0.49247,0.60797,0.67896,0.85641
2022-01-01 10:00:00,46863.79,0.32265,0.57544,0.19044,0.43659,0.52131,0.59729,0.85841
2022-01-01 11:00:00,46758.11,0.2548,0.52009,0.14229,0.39433,0.49086,0.50884,0.79885
2022-01-01 12:00:00,47085.01,0.18821,0.40311,0.23294,0.2915,0.36454,0.36226,0.81653
2022-01-01 13:00:00,47023.9,0.17453,0.36239,0.14223,0.25724,0.32908,0.30826,0.62323
2022-01-01 14:00:00,46926.47,0.18413,0.38409,0.2342,0.27727,0.38591,0.2774,0.84518
2022-01-01 15:00:00,47231.0,0.14379,0.35617,0.19192,0.25369,0.337,0.26848,0.69016
2022-01-01 16:00:00,47302.78,0.20825,0.43194,0.23871,0.31057,0.37726,0.43638,0.78792
2022-01-01 17:00:00,47769.78,0.22408,0.41817,0.25869,0.30229,0.40538,0.38511,0.78901
2022-01-01 18:00:00,47578.42,0.16195,0.39171,0.28095,0.28393,0.40449,0.30745,0.68473
2022-01-01 19:00:00,47347.77,0.23958,0.50185,0.24793,0.37629,0.52342,0.39747,0.8823
2022-01-01 20:00:00,47413.98,0.2703,0.53564,0.20382,0.40676,0.56489,0.4521,0.0
2022-01-01 21:00:00,47335.57,0.22386,0.47249,0.16392,0.35688,0.47823,0.41723,0.29864
2022-01-01 22:00:00,47455.8,0.27458,0.37008,0.19643,0.27766,0.31289,0.38504,0.6058
2022-01-01 23:00:00,47733.43,0.1384,0.24027,0.15461,0.18213,0.32352,0.12536,0.71413
2022-01-02 00:00:00,47637.43,0.11309,0.2892,0.17309,0.20607,0.34437,0.05946,0.69986
2022-01-02 01:00:00,47384.62,0.04352,0.24225,0.21133,0.162,0.30958,0.05186,0.72992
2022-01-02 02:00:00,47379.51,0.20876,0.2383,0.17718,0.15687,0.20759,0.21101,0.96573
2022-01-02 03:00:00,47339.42,0.23649,0.5005,0.27179,0.35996,0.50769,0.42937,0.06099
2022-01-02 04:00:00,46915.59,0.26065,0.43372,0.17082,0.31373,0.38649,0.41528,0.92382
2022-01-02 05:00:00,47093.4,0.22274,0.4158,0.14174,0.3037,0.35385,0.39966,0.74121
2022-01-02 06:00:00,47128.82,0.19389,0.43996,0.09171,0.32635,0.40468,0.38108,0.51466
2022-01-02 07:00:00,47189.04,0.17408,0.42156,0.07097,0.31529,0.42734,0.30516,0.52526
2022-01-02 08:00:00,47231.0,0.2088,0.4404,0.16093,0.32454,0.41096,0.35343,0.4701
2022-01-02 09:00:00,47282.86,0.20941,0.4491,0.17047,0.32726,0.41206,0.39169,0.6698
2022-01-02 10:00:00,47200.1,0.20904,0.46034,0.13972,0.33803,0.49124,0.39055,0.67736
2022-01-02 11:00:00,47245.99,0.18454,0.39393,0.24355,0.2863,0.37135,0.33112,0.8015
2022-01-02 12:00:00,47296.55,0.18502,0.44138,0.13929,0.33105,0.4261,0.37815,0.84395
2022-01-02 13:00:00,47145.08,0.20601,0.49662,0.14735,0.37632,0.51655,0.37896,0.80169
2022-01-02 14:00:00,47126.08,0.21151,0.4256,0.25258,0.31352,0.48734,0.29552,0.67988
2022-01-02 15:00:00,47360.35,0.19573,0.52,0.14423,0.40593,0.55458,0.41297,0.70556
2022-01-02 16:00:00,47799.55,0.15639,0.39196,0.24415,0.30495,0.43331,0.27281,0.76128
2022-01-02 17:00:00,47418.22,0.16877,0.42438,0.34492,0.32594,0.53069,0.22152,0.65919
2022-01-02 18:00:00,47068.65,0.14942,0.39349,0.22555,0.29923,0.48715,0.28632,0.48717
2022-01-02 19:00:00,46920.01,0.18379,0.44416,0.29027,0.33823,0.44516,0.32181,0.84292
2022-01-02 20:00:00,47017.83,0.15686,0.29142,0.26429,0.21754,0.31155,0.23468,0.75431
2022-01-02 21:00:00,47028.21,0.08125,0.11517,0.29842,0.08815,0.20472,0.05193,0.3791
2022-01-02 22:00:00,47273.39,0.11589,0.17756,0.30156,0.12481,0.22972,0.05631,0.85118
2022-01-02 23:00:00,47299.07,0.04745,0.1844,0.32753,0.12427,0.21901,0.07345,0.75756
2022-01-03 00:00:00,47065.0,0.12535,0.31767,0.21862,0.21269,0.30102,0.23929,0.275
2022-01-03 01:00:00,47128.55,0.16396,0.22882,0.20318,0.14498,0.18084,0.21353,0.78584
2022-01-03 02:00:00,47008.12,0.12904,0.24157,0.17338,0.15756,0.20038,0.23365,0.81592
2022-01-03 03:00:00,46796.57,0.18933,0.3745,0.19879,0.25724,0.288,0.37775,0.97591
2022-01-03 04:00:00,46827.41,0.22797,0.37092,0.25702,0.25211,0.28109,0.43239,0.9528
2022-01-03 05:00:00,47090.32,0.23916,0.43085,0.17167,0.30054,0.36375,0.50931,0.31649
2022-01-03 06:00:00,46936.5,0.18641,0.44116,0.10952,0.30988,0.42412,0.35661,0.6541
2022-01-03 07:00:00,47058.42,0.24582,0.39017,0.09767,0.27082,0.35442,0.41092,0.89428
2022-01-03 08:00:00,46981.93,0.26735,0.46852,0.13593,0.33413,0.45399,0.40987,0.14871
2022-01-03 09:00:00,46988.39,0.23596,0.49278,0.14436,0.35873,0.46974,0.41629,0.9786
2022-01-03 10:00:00,47134.35,0.32552,0.54307,0.31115,0.40729,0.52988,0.47141,0.81066
2022-01-03 11:00:00,47385.28,0.20954,0.44816,0.21777,0.32703,0.4175,0.42386,0.62142
2022-01-03 12:00:00,47200.0,0.17963,0.47832,0.19817,0.35865,0.50028,0.35247,0.76233
2022-01-03 13:00:00,47149.82,0.42173,0.6795,0.29642,0.58483,0.72807,0.55625,0.75042
2022-01-03 14:00:00,46871.04,0.31879,0.76651,0.60853,0.69569,0.92273,0.62291,0.73047
2022-01-03 15:00:00,46687.69,0.31836,0.72315,0.42687,0.64431,0.84004,0.64441,0.75519
2022-01-03 16:00:00,46491.77,0.32121,0.74821,0.51322,0.66919,0.88661,0.6147,0.78341
2022-01-03 17:00:00,46584.86,0.26073,0.77027,0.66839,0.69116,0.93575,0.56287,0.78127
2022-01-03 18:00:00,46475.86,0.34344,0.71695,0.43182,0.62638,0.84792,0.59619,0.69654
2022-01-03 19:00:00,46372.55,0.2974,0.69641,0.36529,0.59128,0.80841,0.53702,0.56588
2022-01-03 20:00:00,45915.66,0.28224,0.69682,0.42311,0.59723,0.81415,0.52928,0.4155
2022-01-03 21:00:00,45987.4,0.31265,0.70421,0.45562,0.61585,0.81031,0.54784,0.66119
2022-01-03 22:00:00,46225.32,0.24655,0.6335,0.40067,0.54325,0.73341,0.43687,0.64636
2022-01-03 23:00:00,46459.56,0.21217,0.55301,0.29971,0.45729,0.60859,0.36283,0.6418
2022-01-04 00:00:00,46245.77,0.27646,0.55792,0.21726,0.45407,0.60428,0.44612,0.66117
2022-01-04 01:00:00,46060.38,0.25566,0.66256,0.33793,0.55704,0.73267,0.55137,0.59423
2022-01-04 02:00:00,46104.69,0.36186,0.76137,0.3625,0.67035,0.83292,0.76715,0.72884
2022-01-04 03:00:00,46319.84,0.38755,0.77386,0.28435,0.69237,0.8521,0.77569,0.56803
2022-01-04 04:00:00,46097.21,0.36331,0.79583,0.41306,0.72021,0.88954,0.7746,0.66725
2022-01-04 05:00:00,46157.15,0.43027,0.85484,0.72805,0.80385,0.99081,0.80643,0.98051
2022-01-04 06:00:00,46382.67,0.33268,0.811,0.87057,0.75739,0.94723,0.70272,0.97705
2022-01-04 07:00:00,46558.25,0.39155,0.84375,0.64631,0.78621,1.0,0.78927,0.95004
2022-01-04 08:00:00,46506.27,0.30153,0.74674,0.52932,0.66547,0.86336,0.61519,0.85617
2022-01-04 09:00:00,46356.0,0.32009,0.75741,0.29241,0.6699,0.84437,0.67245,0.67631
2022-01-04 10:00:00,46634.9,0.33064,0.75141,0.47965,0.66238,0.84172,0.65499,0.6661
2022-01-04 11:00:00,46735.35,0.23361,0.63858,0.434,0.54594,0.80405,0.37316,0.7309
2022-01-04 12:00:00,46634.4,0.23926,0.63853,0.40478,0.54309,0.73548,0.46191,0.57213
2022-01-04 13:00:00,46971.26,0.32426,0.65358,0.30381,0.55464,0.68638,0.60011,0.77108
2022-01-04 14:00:00,47338.27,0.40567,0.7098,0.27471,0.61195,0.77011,0.65916,1.0
2022-01-04 15:00:00,46900.0,0.2917,0.68662,0.30016,0.58485,0.78994,0.60091,0.93587
2022-01-04 16:00:00,46759.47,0.21829,0.60261,0.31483,0.49906,0.70388,0.44902,0.46788
2022-01-04 17:00:00,46540.06,0.26811,0.62219,0.30736,0.51586,0.71495,0.50893,0.50635
2022-01-04 18:00:00,45736.11,0.18517,0.55144,0.40297,0.44632,0.66378,0.38925,0.56271
2022-01-04 19:00:00,46039.93,0.19675,0.52188,0.48122,0.42004,0.58601,0.38365,0.7096
2022-01-04 20:00:00,46256.15,0.37014,0.70226,0.47889,0.59012,0.79498,0.6073,0.80888
2022-01-04 21:00:00,46215.85,0.21808,0.44835,0.32344,0.34757,0.45813,0.33629,0.49465
2022-01-04 22:00:00,46152.75,0.33385,0.47704,0.17528,0.36329,0.43232,0.45195,0.70065
2022-01-04 23:00:00,45814.61,0.1218,0.30903,0.24337,0.22778,0.31544,0.21849,0.67916
2022-01-05 00:00:00,46270.59,0.1139,0.23091,0.16529,0.16689,0.21245,0.17348,0.61199
2022-01-05 01:00:00,46101.06,0.23247,0.461,0.2543,0.34185,0.45099,0.43084,0.95365
2022-01-05 02:00:00,46299.62,0.24263,0.55115,0.29873,0.41341,0.57985,0.4622,0.93472
2022-01-05 03:00:00,46427.36,0.26263,0.52292,0.22502,0.40175,0.53599,0.41893,0.70853
2022-01-05 04:00:00,46412.0,0.28482,0.58122,0.16272,0.45974,0.5606,0.55888,0.76792
2022-01-05 05:00:00,46304.01,0.33907,0.63033,0.40895,0.49846,0.64386,0.60368,0.57681
2022-01-05 06:00:00,46453.63,0.32597,0.68846,0.37074,0.56357,0.73559,0.63911,0.69853
2022-01-05 07:00:00,46407.17,0.24568,0.60445,0.3222,0.47967,0.64786,0.50424,0.45297
2022-01-05 08:00:00,46646.05,0.21103,0.46968,0.23325,0.35937,0.47538,0.43521,0.59371
2022-01-05 09:00:00,46856.46,0.17084,0.43762,0.16243,0.33999,0.45338,0.36088,0.65483
2022-01-05 10:00:00,46820.84,0.20109,0.41996,0.2723,0.32282,0.4419,0.2928,0.78689
2022-01-05 11:00:00,46274.88,0.20591,0.48674,0.22762,0.37643,0.51353,0.39348,0.86029
2022-01-05 12:00:00,46230.06,0.16877,0.43081,0.20463,0.33257,0.45815,0.33186,0.76032
2022-01-05 13:00:00,46436.08,0.1933,0.50055,0.22897,0.38789,0.53425,0.35828,0.71736
2022-01-05 14:00:00,46699.32,0.18479,0.45711,0.18106,0.35248,0.45322,0.36428,0.79565
2022-01-05 15:00:00,46629.7,0.18581,0.47543,0.21001,0.37264,0.53988,0.2988,0.56551
2022-01-05 16:00:00,46297.89,0.19515,0.47475,0.2361,0.37729,0.49792,0.35602,0.69273
2022-01-05 17:00:00,46007.5,0.17622,0.5605,0.42031,0.45809,0.66316,0.34132,0.62548
2022-01-05 18:00:00,45917.49,0.14582,0.46191,0.28312,0.36531,0.54949,0.27239,0.75946
2022-01-05 19:00:00,44665.0,0.14787,0.43509,0.21199,0.3338,0.48245,0.27643,0.78035
2022-01-05 20:00:00,43948.01,0.16664,0.49843,0.19931,0.39538,0.56432,0.35833,0.73235
2022-01-05 21:00:00,43588.83,0.17199,0.34075,0.29403,0.27171,0.39277,0.2123,0.85364
2022-01-05 22:00:00,43433.04,0.16255,0.33677,0.28181,0.25991,0.36143,0.26815,0.78813
2022-01-05 23:00:00,43436.04,0.17196,0.30464,0.29593,0.22691,0.29043,0.19709,0.75421
2022-01-06 00:00:00,43688.24,0.07145,0.32084,0.26624,0.22757,0.33305,0.15045,0.51919
2022-01-06 01:00:00,43548.44,0.16049,0.28306,0.21898,0.19432,0.27939,0.23518,0.66673
2022-01-06 02:00:00,43254.32,0.17501,0.27902,0.28995,0.1906,0.26836,0.21366,0.75106
2022-01-06 03:00:00,42825.2,0.16515,0.40403,0.21275,0.28784,0.40942,0.27585,0.66141
2022-01-06 04:00:00,43024.73,0.20944,0.46736,0.29298,0.34259,0.48246,0.31281,0.73462
2022-01-06 05:00:00,43047.28,0.23391,0.47941,0.29863,0.36209,0.45817,0.39784,0.54674
2022-01-06 06:00:00,43081.28,0.17798,0.52674,0.20209,0.40389,0.59081,0.34271,0.72806
2022-01-06 07:00:00,43227.81,0.18555,0.50071,0.24184,0.37912,0.57964,0.36348,0.84071
2022-01-06 08:00:00,43052.55,0.1283,0.37724,0.18511,0.28523,0.45925,0.21534,0.58309
2022-01-06 09:00:00,42583.42,0.16265,0.49039,0.11753,0.38749,0.53591,0.35077,0.68054
2022-01-06 10:00:00,42882.77,0.1964,0.52386,0.14994,0.41691,0.55127,0.41667,0.58989
2022-01-06 11:00:00,42860.16,0.17541,0.40369,0.17459,0.31966,0.45358,0.32219,0.74045
2022-01-06 12:00:00,43048.61,0.2185,0.45666,0.21627,0.36132,0.48788,0.36176,0.85223
2022-01-06 13:00:00,43143.83,0.14261,0.32501,0.28541,0.24824,0.33124,0.25479,0.41815
2022-01-06 14:00:00,42786.39,0.1732,0.41731,0.24463,0.3232,0.45524,0.27337,0.76337
2022-01-06 15:00:00,42938.36,0.17434,0.41426,0.24135,0.32241,0.47697,0.25463,0.68425
2022-01-06 16:00:00,42876.79,0.12087,0.37616,0.29984,0.28875,0.46132,0.25261,0.62349
2022-01-06 17:00:00,43011.02,0.14188,0.41788,0.2463,0.32356,0.49653,0.28097,0.8269
2022-01-06 18:00:00,43385.85,0.18665,0.42557,0.27533,0.3335,0.44099,0.3252,0.57764
2022-01-06 19:00:00,43441.82,0.21925,0.49891,0.26657,0.4014,0.55645,0.41958,0.47478
2022-01-06 20:00:00,43214.64,0.20927,0.53964,0.3961,0.43723,0.61292,0.43404,0.91877
2022-01-06 21:00:00,43114.04,0.27854,0.48484,0.33236,0.38281,0.5026,0.4034,0.76344
2022-01-06 22:00:00,43170.79,0.2041,0.32321,0.246,0.24432,0.412,0.34758,0.83885
2022-01-06 23:00:00,43083.76,0.21702,0.32474,0.13249,0.24248,0.30765,0.28754,0.83329
2022-01-07 00:00:00,42768.35,0.13639,0.21417,0.26826,0.156,0.26031,0.13042,0.59722
2022-01-07 01:00:00,43000.81,0.18284,0.30626,0.08817,0.21219,0.27591,0.31233,0.65735
2022-01-07 02:00:00,42779.33,0.26114,0.45524,0.24529,0.32971,0.44014,0.43599,0.31553
2022-01-07 03:00:00,41797.85,0.17982,0.32054,0.21965,0.22502,0.24801,0.33559,0.85834
2022-01-07 04:00:00,41689.99,0.18706,0.3056,0.17461,0.22207,0.24706,0.30682,0.50276
2022-01-07 05:00:00,41834.3,0.32171,0.54305,0.3601,0.42401,0.53646,0.48209,0.85369
2022-01-07 06:00:00,41507.76,0.24541,0.52357,0.2672,0.40469,0.50184,0.49615,0.75135
2022-01-07 07:00:00,41683.68,0.27122,0.63046,0.32633,0.50357,0.67627,0.56921,0.80628
2022-01-07 08:00:00,42072.51,0.22217,0.54685,0.34403,0.42634,0.55692,0.46565,0.4326
2022-01-07 09:00:00,42415.48,0.27026,0.57219,0.2184,0.44735,0.53769,0.5788,0.87161
2022-01-07 10:00:00,42162.88,0.33076,0.59244,0.2568,0.46839,0.60573,0.56197,0.80995
2022-01-07 11:00:00,42241.74,0.22734,0.51714,0.35419,0.41059,0.52108,0.44323,0.68043
2022-01-07 12:00:00,42397.71,0.24458,0.55751,0.24663,0.44941,0.55504,0.52479,0.5936
2022-01-07 13:00:00,41476.71,0.21569,0.54792,0.26954,0.43805,0.56666,0.46715,0.4528
2022-01-07 14:00:00,41895.02,0.24496,0.52774,0.29111,0.41775,0.5338,0.45539,0.30329
2022-01-07 15:00:00,41321.73,0.18311,0.45674,0.21534,0.35333,0.47932,0.37935,0.65401
2022-01-07 16:00:00,42141.29,0.19166,0.48408,0.3516,0.37663,0.52666,0.34511,0.78693
2022-01-07 17:00:00,41992.31,0.2058,0.4852,0.34196,0.37934,0.51518,0.39747,0.8634
2022-01-07 18:00:00,41697.79,0.17396,0.45227,0.29318,0.35655,0.48209,0.34163,0.45643
2022-01-07 19:00:00,41771.8,0.19835,0.50069,0.33154,0.40184,0.53309,0.38302,0.78361
2022-01-07 20:00:00,41912.19,0.19848,0.46782,0.31733,0.3713,0.48344,0.41808,0.59647
2022-01-07 21:00:00,41877.12,0.22358,0.41431,0.37197,0.32161,0.44611,0.32957,0.65949
2022-01-07 22:00:00,41535.69,0.15386,0.24797,0.20849,0.19123,0.30581,0.1268,0.60769
2022-01-07 23:00:00,41565.18,0.15485,0.29389,0.20942,0.22598,0.30686,0.2172,0.69781
2022-01-08 00:00:00,41993.0,0.15417,0.3893,0.24737,0.29477,0.43378,0.22988,0.79929
2022-01-08 01:00:00,41887.63,0.13599,0.34256,0.29246,0.24629,0.35628,0.21755,0.71521
2022-01-08 02:00:00,41878.93,0.10519,0.21342,0.30587,0.1425,0.16801,0.22037,0.37757
2022-01-08 03:00:00,41807.56,0.07877,0.1351,0.28111,0.0851,0.13164,0.06958,0.53007
2022-01-08 04:00:00,41900.12,0.1076,0.31189,0.23417,0.21305,0.32247,0.20889,0.20645
2022-01-08 05:00:00,41977.37,0.18638,0.46076,0.17621,0.34107,0.47098,0.37858,0.82571
2022-01-08 06:00:00,41923.58,0.17674,0.36957,0.0651,0.27412,0.35794,0.29404,0.82542
2022-01-08 07:00:00,41907.74,0.27901,0.47377,0.16658,0.36501,0.47315,0.41328,0.59776
2022-01-08 08:00:00,41966.97,0.2256,0.53713,0.16654,0.43353,0.56684,0.4508,0.85386
2022-01-08 09:00:00,42158.3,0.23367,0.53119,0.04803,0.4327,0.56463,0.48725,0.62904
2022-01-08 10:00:00,41921.22,0.27598,0.63761,0.3426,0.51976,0.70458,0.51182,0.70338
2022-01-08 11:00:00,41947.32,0.19296,0.47644,0.14197,0.36664,0.49424,0.40083,0.2634
2022-01-08 12:00:00,41879.61,0.1743,0.4004,0.20044,0.30512,0.41327,0.32186,0.46894
2022-01-08 13:00:00,41906.37,0.23147,0.43826,0.17671,0.33449,0.41213,0.40235,0.51824
2022-01-08 14:00:00,41745.09,0.27635,0.5387,0.24429,0.42038,0.56744,0.44741,0.819
2022-01-08 15:00:00,41613.86,0.17319,0.43913,0.17893,0.34297,0.52992,0.33745,0.87799
2022-01-08 16:00:00,41334.08,0.21474,0.56983,0.34103,0.4672,0.67636,0.39736,0.7729
2022-01-08 17:00:00,40840.9,0.15298,0.47458,0.24479,0.38129,0.53338,0.31704,0.84124
2022-01-08 18:00:00,40678.22,0.21459,0.53448,0.34172,0.42315,0.57645,0.42354,0.71614
2022-01-08 19:00:00,40825.96,0.16707,0.4342,0.35687,0.33803,0.48164,0.31511,0.60763
2022-01-08 20:00:00,40969.36,0.14033,0.38447,0.31794,0.30278,0.46522,0.26653,0.70678
2022-01-08 21:00:00,41785.88,0.2258,0.51075,0.37419,0.40536,0.59098,0.31578,0.65288
2022-01-08 22:00:00,41925.68,0.1629,0.37198,0.3737,0.28498,0.43299,0.20807,0.76382
2022-01-08 23:00:00,41684.84,0.1578,0.34467,0.31351,0.2597,0.38555,0.20734,0.55085
2022-01-09 00:00:00,41777.52,0.11039,0.20186,0.2713,0.14802,0.25432,0.05796,0.59825
2022-01-09 01:00:00,41810.07,0.10058,0.30107,0.33781,0.20647,0.34339,0.14259,0.59108
2022-01-09 02:00:00,42119.23,0.13637,0.27365,0.21942,0.18038,0.22391,0.25518,0.85635
2022-01-09 03:00:00,41846.66,0.22208,0.37278,0.16412,0.25635,0.32161,0.37303,0.89136
2022-01-09 04:00:00,42084.1,0.1795,0.28655,0.20733,0.1963,0.23507,0.27213,0.74071
2022-01-09 05:00:00,41770.5,0.07225,0.23565,0.14684,0.16437,0.2412,0.1441,0.42565
2022-01-09 06:00:00,41878.37,0.12979,0.42933,0.1065,0.3136,0.47976,0.27592,0.71339
2022-01-09 07:00:00,41797.24,0.16301,0.383,0.05615,0.28007,0.40894,0.24222,0.78254
2022-01-09 08:00:00,41664.28,0.14444,0.44707,0.20313,0.3387,0.50562,0.27381,0.45235
2022-01-09 09:00:00,41510.59,0.22038,0.4542,0.26586,0.34893,0.48713,0.37737,0.79458
2022-01-09 10:00:00,41646.04,0.12173,0.38895,0.33822,0.29347,0.45334,0.25618,0.66205
2022-01-09 11:00:00,41867.68,0.22785,0.39178,0.20855,0.30283,0.39763,0.32968,0.87738
2022-01-09 12:00:00,41756.93,0.21424,0.52418,0.2448,0.42095,0.58302,0.45408,0.44428
2022-01-09 13:00:00,41466.67,0.24068,0.48978,0.19403,0.37976,0.53055,0.45169,0.63776
2022-01-09 14:00:00,41541.48,0.22441,0.47646,0.19795,0.35879,0.50604,0.45595,0.49569
2022-01-09 15:00:00,41622.98,0.13383,0.45149,0.23966,0.34139,0.54086,0.28813,0.66991
2022-01-09 16:00:00,42154.98,0.22283,0.53159,0.34356,0.41522,0.64631,0.34071,0.50958
2022-01-09 17:00:00,42104.91,0.18071,0.37195,0.25787,0.28635,0.38563,0.34172,0.49225
2022-01-09 18:00:00,41982.84,0.17229,0.45055,0.28558,0.35008,0.50344,0.35705,0.74032
2022-01-09 19:00:00,42706.11,0.18935,0.46119,0.27148,0.35586,0.51849,0.36344,0.74149
2022-01-09 20:00:00,42447.46,0.20291,0.47633,0.29003,0.36823,0.55525,0.3271,0.49676
2022-01-09 21:00:00,42311.28,0.1369,0.25651,0.17773,0.19531,0.29952,0.17851,0.74563
2022-01-09 22:00:00,42218.6,0.12347,0.24874,0.13625,0.19178,0.28154,0.15656,0.67561
2022-01-09 23:00:00,41876.52,0.11279,0.20328,0.29516,0.16016,0.25139,0.0986,0.67142
2022-01-10 00:00:00,41655.56,0.13013,0.21743,0.24281,0.15781,0.24074,0.12497,0.53448
2022-01-10 01:00:00,41823.24,0.13511,0.2756,0.19986,0.19053,0.24279,0.20153,0.54423
2022-01-10 02:00:00,41942.11,0.09858,0.23274,0.14708,0.15906,0.21171,0.16816,0.8383
2022-01-10 03:00:00,41977.45,0.14538,0.30082,0.24147,0.20319,0.24892,0.29617,0.78355
2022-01-10 04:00:00,42202.9,0.09083,0.23447,0.14197,0.15248,0.24411,0.14621,0.73416
2022-01-10 05:00:00,42030.31,0.19996,0.40821,0.18948,0.29039,0.40622,0.33744,0.75737
2022-01-10 06:00:00,41929.58,0.07475,0.25838,0.13788,0.18513,0.30054,0.15733,0.77555
2022-01-10 07:00:00,42053.05,0.13389,0.2243,0.15151,0.15841,0.24257,0.13738,0.8077
2022-01-10 08:00:00,41826.43,0.15082,0.42252,0.20127,0.30812,0.45773,0.28692,0.81986
2022-01-10 09:00:00,41813.38,0.21898,0.40428,0.09475,0.29831,0.40673,0.33451,0.90041
2022-01-10 10:00:00,41793.2,0.13481,0.32459,0.18211,0.23646,0.31232,0.25614,0.9098
2022-01-10 11:00:00,41554.45,0.18125,0.35435,0.1633,0.26346,0.33352,0.32853,0.78101
2022-01-10 12:00:00,40945.48,0.17125,0.38066,0.19694,0.287,0.40031,0.29299,0.76298
2022-01-10 13:00:00,40774.99,0.24685,0.40239,0.24283,0.30017,0.40764,0.3144,0.94028
2022-01-10 14:00:00,40797.31,0.21306,0.45162,0.2855,0.34041,0.48139,0.38029,0.53592
2022-01-10 15:00:00,40988.0,0.2309,0.33699,0.21203,0.24924,0.36795,0.28487,0.57614
2022-01-10 16:00:00,41921.09,0.18224,0.42012,0.32034,0.31272,0.47478,0.32474,0.53275
2022-01-10 17:00:00,41206.18,0.20645,0.46933,0.31701,0.35678,0.51135,0.37355,0.61072
2022-01-10 18:00:00,41624.39,0.17689,0.45768,0.29584,0.3505,0.49818,0.32108,0.64343
2022-01-10 19:00:00,41295.1,0.16375,0.44322,0.28842,0.33279,0.46436,0.34452,0.7328
2022-01-10 20:00:00,41680.0,0.16248,0.43949,0.31738,0.32776,0.49654,0.30292,0.61822
2022-01-10 21:00:00,41733.32,0.18977,0.43135,0.27772,0.3262,0.4562,0.34045,0.70055
2022-01-10 22:00:00,41620.35,0.24075,0.41062,0.24261,0.30923,0.38214,0.36898,0.72701
2022-01-10 23:00:00,41824.07,0.22677,0.29283,0.20036,0.21099,0.26309,0.2718,0.149
2022-01-11 00:00:00,41612.83,0.22629,0.47388,0.17068,0.34002,0.42264,0.45199,0.93636
2022-01-11 01:00:00,41929.28,0.25437,0.47361,0.25087,0.33306,0.42736,0.43552,0.47389
2022-01-11 02:00:00,42184.67,0.28498,0.47739,0.19299,0.34498,0.45281,0.42344,0.7814
2022-01-11 03:00:00,42297.29,0.13366,0.40989,0.20265,0.28968,0.40836,0.28481,0.6862
2022-01-11 04:00:00,42315.0,0.20959,0.39033,0.21102,0.27382,0.34249,0.29726,0.72123
2022-01-11 05:00:00,42120.64,0.1572,0.3345,0.20615,0.23366,0.28269,0.31136,0.48054
2022-01-11 06:00:00,42117.9,0.20077,0.44998,0.17967,0.32819,0.41572,0.42898,0.59101
2022-01-11 07:00:00,42219.43,0.16222,0.46327,0.21123,0.33668,0.49221,0.34778,0.70525
2022-01-11 08:00:00,41999.14,0.18724,0.43464,0.14416,0.32,0.43577,0.30873,0.65411
2022-01-11 09:00:00,41997.48,0.1514,0.38155,0.14741,0.28683,0.38002,0.25105,0.79667
2022-01-11 10:00:00,41633.59,0.20235,0.49823,0.18168,0.38216,0.51168,0.39767,0.76586
2022-01-11 11:00:00,41829.71,0.23426,0.38297,0.24532,0.28559,0.3441,0.34969,0.45217
2022-01-11 12:00:00,41830.86,0.13787,0.41591,0.25361,0.30864,0.44961,0.28706,0.59398
2022-01-11 13:00:00,41708.68,0.16003,0.38599,0.20161,0.2838,0.36786,0.31586,0.74968
2022-01-11 14:00:00,41642.87,0.2523,0.45023,0.17368,0.33851,0.43023,0.38451,0.92712
2022-01-11 15:00:00,41743.78,0.21045,0.49377,0.25285,0.3777,0.5272,0.37905,0.45403
2022-01-11 16:00:00,42723.86,0.20513,0.52009,0.26413,0.40734,0.59212,0.39796,0.40118
2022-01-11 17:00:00,42567.11,0.21256,0.42708,0.20533,0.33056,0.46696,0.31781,0.75529
2022-01-11 18:00:00,42775.05,0.13735,0.36759,0.31873,0.27973,0.41136,0.23448,0.71049
2022-01-11 19:00:00,43008.27,0.12797,0.42508,0.36774,0.32499,0.49591,0.2659,0.66615
2022-01-11 20:00:00,42818.55,0.08792,0.31471,0.30625,0.24345,0.34039,0.17804,0.50766
2022-01-11 21:00:00,42686.11,0.0911,0.25502,0.28481,0.19884,0.3275,0.09307,0.68707
2022-01-11 22:00:00,42730.36,0.09471,0.18711,0.27238,0.14359,0.22376,0.06041,0.55171
2022-01-11 23:00:00,42753.44,0.08748,0.14819,0.21009,0.11476,0.21339,0.05012,0.68285
2022-01-12 00:00:00,42705.3,0.14063,0.16696,0.25193,0.12419,0.18961,0.08782,0.69762
2022-01-12 01:00:00,42650.54,0.0672,0.05629,0.18288,0.04234,0.05046,0.01637,0.57819
2022-01-12 02:00:00,42581.69,0.12882,0.23545,0.07007,0.15604,0.22868,0.21663,0.91078
2022-01-12 03:00:00,42618.57,0.11053,0.25138,0.19468,0.16964,0.23362,0.19847,0.24512
2022-01-12 04:00:00,42648.85,0.12273,0.35555,0.08542,0.2493,0.32487,0.26492,0.48262
2022-01-12 05:00:00,42724.16,0.15601,0.39687,0.15836,0.28218,0.33813,0.33297,0.92001
2022-01-12 06:00:00,42698.33,0.20736,0.51973,0.17619,0.38987,0.56279,0.35939,0.7083
2022-01-12 07:00:00,42577.36,0.06098,0.20168,0.12691,0.14905,0.21976,0.0721,0.71868
2022-01-12 08:00:00,42618.51,0.18499,0.35351,0.21773,0.26064,0.34469,0.25836,0.69884
2022-01-12 09:00:00,42810.05,0.19977,0.44167,0.28331,0.32997,0.43671,0.32467,0.78857
2022-01-12 10:00:00,42777.25,0.15279,0.44825,0.21133,0.33817,0.46765,0.31922,0.63784
2022-01-12 11:00:00,42949.3,0.16291,0.44787,0.11969,0.33999,0.44685,0.30297,0.89669
2022-01-12 12:00:00,43308.12,0.18825,0.36093,0.09778,0.26837,0.39327,0.27246,0.61796
2022-01-12 13:00:00,43955.49,0.17138,0.34279,0.20703,0.25341,0.39173,0.27604,0.67805
2022-01-12 14:00:00,43888.59,0.19134,0.50698,0.23295,0.39057,0.56345,0.35629,0.40621
2022-01-12 15:00:00,43572.42,0.18167,0.47655,0.28801,0.36871,0.48888,0.33502,0.71499
2022-01-12 16:00:00,43631.4,0.15341,0.45446,0.21712,0.34967,0.46538,0.32579,0.69603
2022-01-12 17:00:00,43864.86,0.15174,0.43325,0.30773,0.33473,0.43661,0.32756,0.62553
2022-01-12 18:00:00,43617.82,0.14548,0.45408,0.30453,0.3554,0.52012,0.23887,0.61663
2022-01-12 19:00:00,43763.95,0.11606,0.40153,0.33762,0.3098,0.45624,0.21715,0.62619
2022-01-12 20:00:00,43840.24,0.09597,0.32495,0.26855,0.2488,0.38841,0.12791,0.52596
2022-01-12 21:00:00,43790.03,0.11219,0.28892,0.32848,0.22608,0.36615,0.1222,0.61648
2022-01-12 22:00:00,43856.54,0.09629,0.18147,0.29655,0.15003,0.21225,0.02249,0.76102
2022-01-12 23:00:00,43920.37,0.01423,0.11437,0.23693,0.09672,0.12962,0.0015,0.51856
2022-01-13 00:00:00,43743.35,0.1651,0.32004,0.22239,0.23338,0.31874,0.19083,0.73952
2022-01-13 01:00:00,43563.02,0.09679,0.22745,0.21639,0.15958,0.21919,0.13897,0.7224
2022-01-13 02:00:00,43603.38,0.12323,0.26084,0.20935,0.17994,0.25423,0.16501,0.51591
2022-01-13 03:00:00,43528.18,0.14853,0.31011,0.1197,0.21208,0.30455,0.24366,0.42172
2022-01-13 04:00:00,43647.44,0.15178,0.38142,0.16503,0.26806,0.3816,0.27351,0.7007
2022-01-13 05:00:00,43688.34,0.21612,0.4217,0.1305,0.30052,0.38191,0.34195,0.74677
2022-01-13 06:00:00,43734.67,0.17881,0.43099,0.21192,0.30667,0.41804,0.34698,0.78305
2022-01-13 07:00:00,43722.05,0.15307,0.40737,0.16885,0.29164,0.42067,0.29321,0.77942
2022-01-13 08:00:00,43920.02,0.17846,0.47514,0.13804,0.35487,0.49509,0.31245,0.78172
2022-01-13 09:00:00,43902.03,0.14727,0.41093,0.20728,0.30801,0.43565,0.23008,0.72963
2022-01-13 10:00:00,43805.42,0.10044,0.31525,0.22495,0.23381,0.35222,0.17021,0.64047
2022-01-13 11:00:00,43618.57,0.13299,0.34399,0.29816,0.25494,0.37281,0.21185,0.75228
2022-01-13 12:00:00,43820.28,0.18044,0.35706,0.20565,0.26666,0.32564,0.28421,0.65
2022-01-13 13:00:00,43947.7,0.16978,0.43207,0.21847,0.32598,0.45568,0.32365,0.87302
2022-01-13 14:00:00,44182.11,0.23342,0.42028,0.28425,0.31139,0.43515,0.31008,0.69297
2022-01-13 15:00:00,43221.74,0.11102,0.41387,0.3213,0.31259,0.50242,0.24003,0.6923
2022-01-13 16:00:00,43273.29,0.06387,0.34464,0.31833,0.26766,0.43513,0.1352,0.62064
2022-01-13 17:00:00,42826.5,0.11581,0.43751,0.305,0.34204,0.50485,0.23695,0.68043
2022-01-13 18:00:00,42723.98,0.1534,0.46185,0.22976,0.35998,0.53522,0.30712,0.51046
2022-01-13 19:00:00,42717.02,0.21099,0.52826,0.26696,0.41032,0.60017,0.3505,0.78348
2022-01-13 20:00:00,42802.46,0.12613,0.39426,0.26062,0.29485,0.46749,0.2058,0.66456
2022-01-13 21:00:00,42834.72,0.11698,0.31536,0.25088,0.23435,0.37597,0.10793,0.59739
2022-01-13 22:00:00,42605.86,0.0,0.07618,0.18004,0.06732,0.11956,0.0,0.70265
2022-01-13 23:00:00,42581.65,0.08145,0.13726,0.14483,0.10375,0.1928,0.04505,0.8525
2022-01-14 00:00:00,42774.64,0.16222,0.25041,0.25082,0.17834,0.27676,0.122,0.6104
2022-01-14 01:00:00,42612.19,0.12235,0.27056,0.23532,0.18773,0.25061,0.20725,0.69881
2022-01-14 02:00:00,42743.64,0.06132,0.20171,0.26465,0.1371,0.2048,0.09288,0.53659
2022-01-14 03:00:00,42658.33,0.1463,0.32436,0.11431,0.22288,0.28344,0.26535,0.73038
2022-01-14 04:00:00,42703.07,0.18259,0.25372,0.16349,0.1696,0.2081,0.18417,0.53107
2022-01-14 05:00:00,42921.21,0.12085,0.37705,0.18424,0.26183,0.37008,0.24885,0.78872
2022-01-14 06:00:00,42827.81,0.13558,0.32929,0.18955,0.22744,0.32795,0.23247,0.71884
2022-01-14 07:00:00,42660.94,0.07851,0.31334,0.1755,0.22009,0.35806,0.13506,0.70746
2022-01-14 08:00:00,42541.86,0.20735,0.41678,0.27495,0.30683,0.4647,0.27486,0.71107
2022-01-14 09:00:00,42575.21,0.13073,0.36797,0.17386,0.26983,0.43286,0.21363,0.73798
2022-01-14 10:00:00,42091.94,0.2187,0.50105,0.15131,0.37942,0.54893,0.36022,0.82885
2022-01-14 11:00:00,42027.95,0.14697,0.40984,0.1827,0.31244,0.4426,0.28251,0.72736
2022-01-14 12:00:00,42070.64,0.07242,0.25058,0.16817,0.19663,0.32687,0.10367,0.72488
2022-01-14 13:00:00,42178.63,0.16836,0.28525,0.18783,0.21199,0.32567,0.20307,0.68878
2022-01-14 14:00:00,43005.13,0.37368,0.52418,0.38791,0.39267,0.52909,0.46647,0.65538
2022-01-14 15:00:00,43120.39,0.2511,0.52369,0.31151,0.39803,0.58697,0.44824,0.69673
2022-01-14 16:00:00,43215.85,0.19257,0.49529,0.34941,0.38519,0.56907,0.35654,0.75638
2022-01-14 17:00:00,42926.1,0.15376,0.47644,0.34507,0.36913,0.54515,0.32711,0.66172
2022-01-14 18:00:00,43072.38,0.16997,0.43771,0.29145,0.33436,0.51772,0.31144,0.69061
2022-01-14 19:00:00,43109.99,0.17253,0.41403,0.32709,0.30988,0.47265,0.28698,0.66917
2022-01-14 20:00:00,43125.85,0.17795,0.33752,0.30813,0.24983,0.40206,0.25806,0.70721
2022-01-14 21:00:00,43321.7,0.14987,0.2787,0.16241,0.2081,0.3658,0.13712,0.75352
2022-01-14 22:00:00,43285.51,0.07748,0.19169,0.16624,0.14579,0.22751,0.11093,0.56677
2022-01-14 23:00:00,43090.72,0.09947,0.25929,0.23399,0.19765,0.27777,0.14904,0.7354
2022-01-15 00:00:00,43122.29,0.13771,0.32855,0.28747,0.23758,0.34313,0.18804,0.49811
2022-01-15 01:00:00,43004.52,0.18555,0.35003,0.18789,0.24265,0.33669,0.27274,0.64667
2022-01-15 02:00:00,43120.09,0.13841,0.31921,0.1927,0.21631,0.31257,0.26565,0.58327
2022-01-15 03:00:00,42957.02,0.15337,0.31078,0.26443,0.20898,0.28859,0.23622,0.72913
2022-01-15 04:00:00,42935.26,0.15464,0.34975,0.28468,0.24024,0.31853,0.2583,0.50314
2022-01-15 05:00:00,43003.49,0.19853,0.45345,0.22192,0.31949,0.41272,0.40997,0.76295
2022-01-15 06:00:00,43095.41,0.16689,0.38665,0.12799,0.26226,0.37001,0.34369,0.72732
2022-01-15 07:00:00,43100.07,0.12546,0.26077,0.13709,0.17054,0.24116,0.21372,0.59302
2022-01-15 08:00:00,43003.75,0.2255,0.36656,0.05827,0.26,0.29289,0.39369,0.57421
2022-01-15 09:00:00,43077.71,0.19921,0.26481,0.10935,0.18406,0.18682,0.30729,0.65384
2022-01-15 10:00:00,43127.75,0.26918,0.51219,0.26343,0.38571,0.50636,0.45532,0.91536
2022-01-15 11:00:00,43042.8,0.24056,0.51717,0.35896,0.39764,0.50973,0.49551,0.38164
2022-01-15 12:00:00,42735.05,0.23365,0.51376,0.25533,0.40053,0.49732,0.47307,0.77793
2022-01-15 13:00:00,42929.34,0.18727,0.38801,0.37012,0.30283,0.3985,0.32721,0.84515
2022-01-15 14:00:00,43217.2,0.16048,0.43716,0.41304,0.34672,0.4795,0.33648,0.90827
2022-01-15 15:00:00,43426.11,0.15283,0.33958,0.22748,0.26657,0.38845,0.24148,0.65469
2022-01-15 16:00:00,43365.61,0.14165,0.38867,0.2947,0.30392,0.41758,0.25664,0.79529
2022-01-15 17:00:00,43410.31,0.16599,0.44274,0.30825,0.34524,0.48405,0.28421,0.79354
2022-01-15 18:00:00,43350.22,0.1274,0.30727,0.24933,0.24125,0.36423,0.17153,0.66573
2022-01-15 19:00:00,43558.99,0.17526,0.42688,0.24535,0.335,0.4733,0.28942,0.78044
2022-01-15 20:00:00,43509.05,0.11915,0.31771,0.31773,0.24546,0.40333,0.15128,0.70303
2022-01-15 21:00:00,43328.79,0.13506,0.20414,0.19003,0.15933,0.26834,0.13819,0.60578
2022-01-15 22:00:00,43266.34,0.1152,0.15253,0.22367,0.12568,0.20972,0.12734,0.37575
2022-01-15 23:00:00,43098.2,0.03984,0.17792,0.21871,0.14771,0.35263,0.01176,0.68273
